{"sub-012": {"loss": -0.09676066040992737, "pearson_metric": 0.09676066040992737}, "sub-064": {"loss": -0.1626274734735489, "pearson_metric": 0.1626274734735489}, "sub-045": {"loss": -0.12147046625614166, "pearson_metric": 0.12147046625614166}, "sub-057": {"loss": -0.17623604834079742, "pearson_metric": 0.17623604834079742}, "sub-078": {"loss": -0.19054679572582245, "pearson_metric": 0.19054679572582245}, "sub-029": {"loss": -0.1884525716304779, "pearson_metric": 0.1884525716304779}, "sub-083": {"loss": -0.14700160920619965, "pearson_metric": 0.14700160920619965}, "sub-059": {"loss": -0.12607574462890625, "pearson_metric": 0.12607574462890625}, "sub-025": {"loss": -0.2611795663833618, "pearson_metric": 0.2611795663833618}, "sub-022": {"loss": -0.22288496792316437, "pearson_metric": 0.22288496792316437}, "sub-016": {"loss": -0.162503182888031, "pearson_metric": 0.162503182888031}, "sub-010": {"loss": -0.16430528461933136, "pearson_metric": 0.16430528461933136}, "sub-007": {"loss": -0.19321930408477783, "pearson_metric": 0.19321930408477783}, "sub-021": {"loss": -0.14384141564369202, "pearson_metric": 0.14384141564369202}, "sub-027": {"loss": -0.22005409002304077, "pearson_metric": 0.22005409002304077}, "sub-056": {"loss": -0.15860897302627563, "pearson_metric": 0.15860897302627563}, "sub-062": {"loss": -0.08982983231544495, "pearson_metric": 0.08982983231544495}, "sub-055": {"loss": -0.15917512774467468, "pearson_metric": 0.15917512774467468}, "sub-020": {"loss": -0.2757701575756073, "pearson_metric": 0.2757701575756073}, "sub-038": {"loss": -0.14706367254257202, "pearson_metric": 0.14706367254257202}, "sub-042": {"loss": -0.23122327029705048, "pearson_metric": 0.23122327029705048}, "sub-034": {"loss": -0.1427237093448639, "pearson_metric": 0.1427237093448639}, "sub-075": {"loss": -0.22425048053264618, "pearson_metric": 0.22425048053264618}, "sub-085": {"loss": -0.17547942698001862, "pearson_metric": 0.17547942698001862}, "sub-052": {"loss": -0.15771210193634033, "pearson_metric": 0.15771210193634033}, "sub-044": {"loss": -0.3732948899269104, "pearson_metric": 0.3732948899269104}, "sub-081": {"loss": -0.07466714084148407, "pearson_metric": 0.07466714084148407}, "sub-004": {"loss": -0.13247078657150269, "pearson_metric": 0.13247078657150269}, "sub-030": {"loss": -0.1738167703151703, "pearson_metric": 0.1738167703151703}, "sub-018": {"loss": -0.10845806449651718, "pearson_metric": 0.10845806449651718}, "sub-033": {"loss": -0.10239224135875702, "pearson_metric": 0.10239224135875702}, "sub-061": {"loss": -0.10721757262945175, "pearson_metric": 0.10721757262945175}, "sub-040": {"loss": -0.1748073399066925, "pearson_metric": 0.1748073399066925}, "sub-031": {"loss": -0.18194837868213654, "pearson_metric": 0.18194837868213654}, "sub-046": {"loss": -0.17778214812278748, "pearson_metric": 0.17778214812278748}, "sub-054": {"loss": -0.11612160503864288, "pearson_metric": 0.11612160503864288}, "sub-005": {"loss": -0.23933930695056915, "pearson_metric": 0.23933930695056915}, "sub-077": {"loss": -0.10573429614305496, "pearson_metric": 0.10573429614305496}, "sub-032": {"loss": -0.1999531239271164, "pearson_metric": 0.1999531239271164}, "sub-050": {"loss": -0.0842878669500351, "pearson_metric": 0.0842878669500351}, "sub-073": {"loss": -0.16252462565898895, "pearson_metric": 0.16252462565898895}, "sub-013": {"loss": -0.23040880262851715, "pearson_metric": 0.23040880262851715}, "sub-003": {"loss": -0.28599658608436584, "pearson_metric": 0.28599658608436584}, "sub-035": {"loss": -0.10142235457897186, "pearson_metric": 0.10142235457897186}, "sub-037": {"loss": -0.1514013558626175, "pearson_metric": 0.1514013558626175}, "sub-074": {"loss": -0.19351738691329956, "pearson_metric": 0.19351738691329956}, "sub-084": {"loss": -0.19533368945121765, "pearson_metric": 0.19533368945121765}, "sub-066": {"loss": -0.14210493862628937, "pearson_metric": 0.14210493862628937}, "sub-023": {"loss": -0.18388241529464722, "pearson_metric": 0.18388241529464722}, "sub-051": {"loss": -0.04848486930131912, "pearson_metric": 0.04848486930131912}, "sub-067": {"loss": -0.11056346446275711, "pearson_metric": 0.11056346446275711}, "sub-079": {"loss": -0.09745040535926819, "pearson_metric": 0.09745040535926819}, "sub-072": {"loss": -0.1956438273191452, "pearson_metric": 0.1956438273191452}, "sub-048": {"loss": -0.18390415608882904, "pearson_metric": 0.18390415608882904}, "sub-043": {"loss": -0.18521608412265778, "pearson_metric": 0.18521608412265778}, "sub-011": {"loss": -0.0830962210893631, "pearson_metric": 0.0830962210893631}, "sub-014": {"loss": -0.22243814170360565, "pearson_metric": 0.22243814170360565}, "sub-002": {"loss": -0.2314663976430893, "pearson_metric": 0.2314663976430893}, "sub-047": {"loss": -0.19292421638965607, "pearson_metric": 0.19292421638965607}, "sub-063": {"loss": -0.10217388719320297, "pearson_metric": 0.10217388719320297}, "sub-076": {"loss": -0.10278691351413727, "pearson_metric": 0.10278691351413727}, "sub-082": {"loss": -0.0982169434428215, "pearson_metric": 0.0982169434428215}, "sub-024": {"loss": -0.21423999965190887, "pearson_metric": 0.21423999965190887}, "sub-028": {"loss": -0.13326703011989594, "pearson_metric": 0.13326703011989594}, "sub-049": {"loss": -0.09419025480747223, "pearson_metric": 0.09419025480747223}, "sub-069": {"loss": -0.12071090191602707, "pearson_metric": 0.12071090191602707}, "sub-001": {"loss": -0.22205369174480438, "pearson_metric": 0.22205369174480438}, "sub-065": {"loss": -0.17172013223171234, "pearson_metric": 0.17172013223171234}, "sub-068": {"loss": -0.10144083946943283, "pearson_metric": 0.10144083946943283}, "sub-015": {"loss": -0.1451900452375412, "pearson_metric": 0.1451900452375412}, "sub-009": {"loss": -0.30079564452171326, "pearson_metric": 0.30079564452171326}, "sub-053": {"loss": -0.0925932377576828, "pearson_metric": 0.0925932377576828}, "sub-036": {"loss": -0.16421346366405487, "pearson_metric": 0.16421346366405487}, "sub-026": {"loss": -0.23649729788303375, "pearson_metric": 0.23649729788303375}, "sub-071": {"loss": -0.15589509904384613, "pearson_metric": 0.15589509904384613}, "sub-008": {"loss": -0.30844739079475403, "pearson_metric": 0.30844739079475403}, "sub-041": {"loss": -0.18327239155769348, "pearson_metric": 0.18327239155769348}, "sub-060": {"loss": -0.10564576089382172, "pearson_metric": 0.10564576089382172}, "sub-070": {"loss": -0.157061368227005, "pearson_metric": 0.157061368227005}, "sub-058": {"loss": -0.2198038250207901, "pearson_metric": 0.2198038250207901}, "sub-080": {"loss": -0.18839485943317413, "pearson_metric": 0.18839485943317413}, "sub-019": {"loss": -0.19652901589870453, "pearson_metric": 0.19652901589870453}, "sub-006": {"loss": -0.2552131414413452, "pearson_metric": 0.2552131414413452}, "sub-039": {"loss": -0.15355557203292847, "pearson_metric": 0.15355557203292847}, "sub-017": {"loss": -0.16461962461471558, "pearson_metric": 0.16461962461471558}}